ID,JUDUL,TEKS,LABEL
561,Elderberry Gantikan Vaksin Influenza,"Beredar konten berupa gambar berisi informasi perbandingan antara suntikan vaksin influenza dengan manfaat dari buah elderberry. Konon diceritakan suntikan vaksin influenza mengandung aluminium, efektivitas rendah, dan tidak membantu gejala flu. Sedangkan buah elderberry dapat mengurangi gejala flu dalam 4 hari. Hasil penelusuran TIM AIS Kementerian Komunikasi dan Informatika menemukan fakta, manfaat buah elderberry gantikan vaksin influenza yang telah mengandung aluminium adalah keliru. Dilansir dari turnbackhoax.id, yang jmengutip dari Agence France-Presse, dari 10 vaksin influenza yang disahkan tidak ada satu pun yang mengandung aluminium. Anggota Komite Penasihat Nasional Imunisasi Kanada, Ian Gemmill mengatakan meskipun beberapa jenis vaksin influenza mengandung thimerosal yang merupakan turunan merkuri yang digunakan dalam botol multidosis untuk mengawetkan vaksin. Dosis thimerosal yang terkandung tersebut sangat kecil dan tidak terbukti dapat berbahaya. Sementara itu, mengenai kandungan formaldehida, Profesor Fakultas Kesehatan Masyarakat Dalla Lana, Universitas Toronto, Natasha Crowcroft menyebut kandungan tersebut sangat kecil, bahkan lebih sedikit dari buah pir yang mengandung formaldehida 50 kali lebih banyak, sehingga kandungan formaldehida dalam vaksin influenza tidak berbahaya.",PALSU
157,"Polres Depok Tangkap Pria Penipu Tiket Coldplay, Korban Rugi Rp 13 Juta","Polres Metro Depok menangkap pria inisial DS yang terlibat penipuan jual beli tiket Coldplay di Jakarta. Korban berinisial RT mengalami kerugian hingga Rp 13 juta. Kepala Urusan (Kaur) Humas Polres Metro Depok Iptu Made Budi mengatakan korban melapor pada Kamis (16/11/2023) ke Polres Metro Depok. Awalnya, korban mencari tiket Coldplay dan melihat Instastory Instagram saksi berinisial G.Lalu, korban tertarik dan langsung diundang untuk masuk ke grup WhatsApp yang berisikan tiga orang anggota, termasuk pelaku DS. RT, dan G. Korban merasa tertarik dan membeli empat tiket terdiri atas 2 kategori CAT 3 dan 2 kategori CAT 6 kepada pelaku DS. ""Selanjutnya korban transferkan uang senilai Rp 7,1 juta ke rekening G. Kemudian tiba-tiba Tersangka menginformasikan bahwa tiket kategori CAT 6 habis dan Tersangka menawarkan tiket kategori CAT 3 kepada korban,"" kata Made dalam keterangannya, Kamis (6/11). RT pun berminat menambah biaya sebesar Rp 5,9 juta dengan mentransfer ke rekening DS. DS kemudian mengirimkan kode booking pemesanan e-ticket kategori CAT 3 dan CAT 5 ke RT, tapi tak kunjung mendapatkan tiket tersebut. ""Tersangka tidak merespons komunikasi lagi dengan korban. Akibat kejadian tersebut, korban merasa telah ditipu. Selanjutnya melaporkan kejadian tersebut ke pihak Kepolisian Resor Metro Depok,"" tuturnya.Made menyebut, pada Selasa (21/11) pukul 10.00 WIB, anggota Unit III Krimsus telah menangkap dan menetapkan DS sebagai tersangka. ""Pada hari Selasa, 21 November 2023, sekitar jam 10.00 WIB anggota Unit III Krimsus menerima penyerahan Tersangka dari korban terkait kasus tindak pidana penipuan,"" pungkasnya.",ASLI
871,Minum Air Panas di Pagi Hari 100% Efektif Mengatasi Berbagai Masalah Kesehatan,"Beredar sebuah pesan di media sosial Facebook yang menyebutkan bahwa meminum air panas di pagi hari 100% efektif dapat mengatasi berbagai masalah kesehatan, seperti tekanan darah tinggi, tekanan darah rendah, jantung, asma, dan kolesterol. Pesan tersebut juga menginformasikan caranya dapat dilakukan dengan meminum 4 gelas air panas pada pagi hari saat perut kosong dan jangan memakan apa pun dalam 45 menit setelah minum air panas.",PALSU
428,"Demo Buruh di Bekasi: Simpang Cibitung Macet Parah, Exit Tol Ditutup","Kelompok buruh menggelar demo di sekitar simpang Cibitung, Kabupaten Bekasi, Kamis (23/11). Mereka menutup jalan utama Bekasi-Cikarang sejak pagi tadi. Berdasarkan informasi yang dibagikan akun media sosial X, ATCS Kabupaten Bekasi, @atcskabbekasi, demo buruh sudah berlangsung mulai pukul 09.04 WIB. Pantauan dari kamera CCTV Dinas Perhubungan Kabupaten Bekasi, kemacetan panjang terjadi di ruas jalan yang menuju Bekasi. Ratusan mobil hingga truk terjebak tak bergerak. Terlihat sebuah bus AKAP memilih putar balik untuk menghindari kemacetan. ""Lalu lintas simpang Warung Bongkok saat ini terpantau padat tidak bergerak menuju Bekasi, kami himbau untuk mencari jalan alternatif lain agar tidak terjadinya penumpukan kendaraan,"" tulis akun @atcskabbekasi sekitar pukul 09.10 WIB.",ASLI
654,Presiden Joko Widodo Menjenguk Jessica Wongso di Penjara,"Beredar sebuah unggahan video di media sosial Facebook yang mengeklaim bahwa Presiden Joko Widodo (Jokowi) menjenguk terpidana kasus pembunuhan Wayan Mirna Salihin, Jessica Kumala Wongso di penjara dan juga disebut-sebut akan membebaskan Jessica. Faktanya, klaim yang mengatakan bahwa Presiden Jokowi menjenguk terpidana Jessica Wongso dan disebut-sebut akan membebaskan Jessica adalah tidak benar. Dilansir dari kompas.com, narator dalam video tersebut hanya membahas tentang perjalanan kasus kematian Mirna, kejanggalan persidangan Jessica, dan kembali dibicarakannya kasus tersebut setelah dokumenter Ice Cold tayang di Netflix. Sementara itu, klaim bahwa Jessica akan bebas tahun ini tidak didukung oleh bukti-bukti valid.",PALSU
997,"WNA Masuk RI Ternyata Buron Polisi China, Imigrasi Buru Pihak Sponsor","Sebanyak 7 warga negara asing (WNA) yang menjadi buron Kepolisian China ditangkap Imigrasi Jakarta Utara (Jakut). Pihak Imigrasi akan memburu sponsor atau penjamin pelaku kriminal tersebut. Kepala Seksi Intelijen dan Penindakan Keimigrasian Kantor Imigrasi Kelas I TPI Jakarta Utara Bong Bong Prakoso Napitupulu mengatakan penjamin WNA perlu dicari untuk menjelaskan maksud dan tujuan hingga 7 WNA bermasalah hukum di negaranya itu masuk ke Indonesia.""Kenapa mereka larinya ke Indonesia itu, memang saat ini masih kami dalami. Khususnya empat dari tujuh buronan polisi Tiongkok yang masuk Indonesia menggunakan kartu izin tinggal sementara (ITAS) untuk investor,"" kata Bong Bong, dilansir Antara, Rabu (22/11/2023). Dia mengatakan keempat buron dengan izin tinggal terbatas (ITAS) investor itu salah satunya YW (51), seorang investor yang dijamin oleh PT ZII dengan nomor dokumen 2C22JF0164-W yang berlaku sampai 6 November 2024. YW terdaftar sebagai buronan berdasarkan Surat Kedutaan Besar (Kedubes) China di Jakarta Nomor 1035-03 tentang Daftar Pencarian Orang oleh Kepolisian China. Dalam surat tersebut, YW disebut terjerat kasus penggelapan dana masyarakat (economic crime) di negaranya. ""Yang bersangkutan berhasil kami amankan pada saat melakukan pertemuan dengan salah satu temannya di salah satu pusat perbelanjaan di Pademangan, Jakarta Utara,"" katanya. Saat ini YW telah dideportasi ke negara asalnya sebagai hukuman tindakan administratif keimigrasian sebagaimana disebutkan dalam Pasal 75 ayat (1) dan ayat (3) Undang-Undang Nomor 6 Tahun 2011 tentang Keimigrasian. Selain YW, masih ada 3 buron yang keberadaannya dijamin di Indonesia oleh perusahaan berbeda-beda. Salah satunya berinisial PT JMI, penjamin pria asal Tiongkok berinisial XY (52) yang ditangkap saat bermain futsal di kawasan Pantai Indah Kapuk, Penjaringan, Jakarta Utara. Izin tinggal yang digunakan, yaitu ITAS investor dengan nomor dokumen 2C22JD0066-W yang berlaku sampai 9 September 2024. XY dinyatakan sebagai buronan berdasarkan Surat Kedubes China di Jakarta nomor 1035-03 tentang Daftar Pencarian Orang oleh Kepolisian Republik Rakyat China untuk kasus penyelundupan manusia (people smuggling). Dugaan tindak pidana yang dilakukan oleh yang bersangkutan adalah mengorganisas orang untuk melintasi perbatasan secara ilegal. Kemudian, ada lagi perusahaan PT Bai Indo, penjamin investor dengan inisial HL (51), dengan nomor dokumen ITAS 2C21JF0532-U yang berlaku sampai 12 Maret 2021. Perusahaan ini tidak melaporkan keberadaan buronan Kepolisian Republik Rakyat Tiongkok untuk kasus penyelundupan satwa liar tersebut dan izin tinggalnya di Indonesia telah habis masa berlakunya selama kurang lebih 2 tahun 8 bulan.""Padahal itu kewajiban,"" katanya. Ketentuan pidana apabila penjamin tidak melaksanakan kewajiban diatur dalam Pasal 118 UU Nomor 6 Tahun 2011, yaitu 'Setiap Penjamin yang dengan sengaja memberi keterangan tidak benar atau tidak memenuhi jaminan yang diberikannya sebagaimana dimaksud dalam Pasal 63 ayat (2) dan ayat (3) dipidana dengan pidana penjara paling lama 5 (lima) tahun dan pidana denda paling banyak Rp 500 juta rupiah'. HL, yang merupakan buron berdasarkan Surat Kedutaan Besar China di Jakarta Nomor 1035-03 tentang Daftar Pencarian Orang oleh Kepolisian China, dibekuk saat berkumpul dengan beberapa temannya di salah satu apartemen di kawasan Penjaringan. Kini HL (51), CJ (34), WY (34), WL (31), dan CW (42) berada di ruang detensi Kantor Imigrasi Jakarta Utara untuk menunggu waktu deportasi.",ASLI
508,Beredar Daftar Reshuffle ke-7 Kabinet Indonesia Maju,"Beredar sebuah pesan berantai WhatsApp yang berisikan daftar perombakan atau reshuffle Kabinet Indonesia Maju. Dalam surat yang beredar mayoritas menteri yang digeser berasal dari PDIP. Dalam pesan berantai tersebut terdapat daftar nama-nama Menteri pengganti yang diusulkan dan telah disetujui oleh Presiden Joko Widodo (Jokowi). Faktanya, klaim yang menyebutkan bahwa telah terjadi perombakan kabinet oleh Presiden Jokowi adalah tidak benar. Dilansir dari detik.com Menteri Sekretaris Negara (mensesneg) Pratikno menyebutkan bahwa surat tersebut tidak benar dan sejauh ini belum ada rencana perombakan kabinet. Terdapat juga pernyataan dari Koordinator Stafsus Presiden Ari Dwipayana, yang menepis surat perombakan kabinet tersebut. Beliau mengimbau masyarakat agar tidak mudah percaya kabar yang belum dipastikan kebenarannya.",PALSU
199,"Pertamina Tuntut Rp14,8 M ke 400 SPBU yang Selewengkan Pertalite Cs","PT Pertamina Patra Niaga menuntut Rp14,8 miliar kepada 400 Stasiun Pengisian Bahan Bakar Umum (SPBU) yang menyelewengkan pertalite dan solar. Direktur Utama PPN Riva Siahaan menyebut pihaknya terus memastikan penyaluran BBM subsidi tepat sasaran. Ia mengklaim ada penghematan 300 ribu kiloliter (KL) dari pencegahan penyelewengan ini. ""Dari pengawasan bersama-sama dengan aparat keamanan itu dapat melakukan punishment atau stop supply kepada lebih dari 400 SPBU dengan nilai denda yang kita tagihkan ke SPBU Rp14,8 miliar,"" ungkap Riva dalam rapat dengar pendapat (RDP) dengan Komisi VII DPR RI di Jakarta Pusat, Selasa (21/11). ""Penindakan penyalahgunaan jenis BBM tertentu (JBT) dan jenis BBM khusus penugasan (JBKP) bersama aparat penegak hukum itu ada 406 laporan dan 430 tersangka,"" sambungnya.",ASLI
508,Daftar Afiliasi Pilihan ASN SDN di Sukoharjo,"Beredar di media sosial Twitter unggahan gambar berisi daftar afiliasi pilihan Aparatur Sipil Negara (ASN) SD Negeri Krajan 01 Kecamatan Gatak, Kabupaten Sukoharjo. Dalam unggahan tersebut tertera nama-nama beserta alamat dan pilihan calon presiden dan wakil presiden (capres-cawapres), calon legislatif (caleg), Dewan Perwakilan Rakyat Republik Indonesia (DPR RI), Dewan Perwakilan Daerah (DPD), Dewan Perwakilan Rakyat Daerah (DPRD) Provinsi, dan DPRD Kabupaten. Faktanya, Pelaksana Tugas (Plt.) Kepala Dinas Pendidikan dan Kebudayaan (Disdikbud) Kabupaten Sukoharjo Heru Indarjo menyebut unggahan tersebut tidak benar alias hoaks. Ia menegaskan bahwa pihaknya tidak menginstruksikan apa pun yang berkaitan dengan Pemilihan Umum (Pemilu) 2024. Hal tersebut dilakukan untuk menjaga netralitas ASN.",PALSU
479,OJK Akui Banyak Uang Pinjol Dipakai Buat Judi Online,"Otoritas Jasa Keuangan (OJK) mengakui banyak uang dari layanan pinjaman online (pinjol) dipakai untuk judi online. Kepala Departemen Pengawasan Lembaga Keuangan Mikro dan Lembaga Jasa Keuangan Lainnya OJK Edi Setijawan mengutip riset yang mengatakan bahwa banyak pelaku judi online di Indonesia. ""Yang perlu kita catat bahwa orang berjudi enggak cuma menggunakan dana peer-to-peer lending (P2P lending), ya kan? Dana dari bank, kawan, mertua itu bisa dia pakai (judi online). Kita perlu catat Indonesia termasuk banyak pelaku judi online kalau hasil riset kan begitu mengatakan,"" ucapnya dalam Hajatan Politik & Arah Ekonomi Bisnis 2024 di Hotel Aryaduta Menteng, Jakarta Pusat, Kamis (23/11). Oleh karena itu, Edi menyebut OJK setidaknya menyiapkan dua jurus utama menanggulangi penggunaan dana pinjol untuk judi online.",ASLI
177,Giveaway Balai Pelatihan Vokasi dan Produktivitas (BPVP) Kota Padang,"Beredar unggahan foto di media sosial Instagram yang menyebutkan bahwa khusus untuk followers akun @bpvp.padang berkesempatan mendapatkan giveaway tebus murah iPhone 14 Pro Max 256GB. Dalam unggahan disebutkan, cukup dengan Rp8.899.000 saja sudah dapat barang tersebut dengan syarat dan ketentuan tertentu. Faktanya, Kementerian Ketenagakerjaan Republik Indonesia, Direktorat Jenderal Pembinaan Pelatihan Vokasi dan Produktivitas memberikan klarifikasi dan mengeluarkan surat resmi mengenai akun resmi Balai Besar Pelatihan Vokasi dan Produktivitas (BBPVP) Kota Padang yang telah diretas oleh oknum yang tidak bertanggung jawab. Di dalam surat tersebut disampaikan bahwa pihak BBPVP Kota Padang tidak menyelenggarakan sayembara, giveaway atau sejenisnya. Kepala BBPVP Kota Padang mengimbau untuk berhati-hati agar tidak tertipu aksi yang dilakukan oleh oknum yang tidak bertanggung jawab yang meretas akun @bpvp.padang.",PALSU
443,Jokowi Resmikan Bandara Douw Aturure dan Siboru di Papua,"Presiden Joko Widodo (Jokowi) meresmikan dua bandara baru di Papua pada Kamis (23/11) ini. Kedua bandara tersebut yakni Bandara Douw Aturure di Nabire Papua Tengah dan Bandara Siboru di Fakfak Papua Barat. Jokowi mengatakan pembangunan bandar di Papua penting. Menurutnya, saat ini akses di Papua tak mudah. Ia mengatakan masih banyak daerah-daerah di Papua yang sulit dijangkau, sehingga perlu waktu berjam-jam, bahkan ada yang berhari-hari untuk sampai ke suatu daerah. Padahal, saat ini Papua sudah semakin berkembang. Jokowi mengatakan aktivitas ekonomi di wilayah tersebut makin bergeliat. ""Bandara Siboru dan Bandara Douw Aturure yang kita resmikan hari ini akan meningkatkan konektivitas di Papua, meningkatkan mobilitas orang, meningkatkan mobilitas barang, dan membuka banyak peluang untuk memicu tumbuhnya ekonomi-ekonomi baru, usaha baru,"" kata Jokowi. Mantan walikota Solo itu juga menuturkan kedua bandara baru tadi bisa menjadi jembatan udara di wilayah Timur Indonesia tersebut.",ASLI
210,Pemilu 2024 akan Dilaksanakan dengan Skenario Kecurangan,"Beredar sebuah unggahan Twitter dengan narasi ""SKENARIO PEMILU 2024 adalah HARUS/BAKAL CURANG"". Unggahan tersebut disertai dengan hasil tangkapan layar yang menampilkan adanya selisih angka penghitungan hasil Pemilihan Presiden (Pilpres) pada saat Pemilihan Umum (Pemilu) 2019 di kanal YouTube Metro TV.",PALSU
498,Peneliti Tegaskan Nyamuk Wolbachia Tak Bikin Radang Otak,"Peneliti Pusat kedokteran Tropis UGM Riris Andono Ahmad memastikan narasi nyamuk dengan bakteri Wolbachia menyebabkan radang otak atau Japanese encephalitis adalah disinformasi. ""Ini mungkin perlu kita klarifikasi,"" kata Riris dalam acara 'Selebrasi Sedasawarsa Warga Yogyakarta Hidup bersama Nyamuk Ber-Wolbachia' di UGM, Sleman, Rabu (22/11). Riris menjelaskan bahwa setiap penyakit memiliki vektornya masing-masing, khususnya penyakit yang ditularkan oleh nyamuk karena sifatnya spesifik. Nyamuk Aedes aegypti mampu menularkan empat jenis virus, yakni Dengue, Chikungunya, Zika, dan Yellow Fever. Kecuali yang terakhir, semuanya ditemukan di Indonesia. Sementara vektor penyakit radang otak atau Japanese encephalitis adalah nyamuk Culex. Di daerah endemik penyakit ini seringkali ditemukan populasi babi yang memang menjadi salah satu reservoir virus penyakit tersebut. ""Ketika ada vektor nyamuk Culex yang memang menjadi penyebar, ada reservoir, di babi itu tidak akan berpengaruh virusnya. Sama seperti kalau Ebola di Afrika, itu kan ada di kelelawar buah, itu di hewan nggak berpengaruh, tapi di manusia jadi penyakit,"" paparnya. Oleh karenanya, Riris menegaskan jika penyakit radang otak atauJapanese encephalitisini nihil kaitannya dengan nyamuk Aedes aegypti. ""Tidak ada kaitannya sama sekali dengan Aedes aegypti,"" tegasnya. Sementara, lanjut Riris, hasil penelitian belasan tahun telah membuktikan jika bakteri Wolbachia mampu menekan penyebaran virus oleh Aedes aegypti. Sebagai contoh, pelepasan nyamuk ber-Wolbachia efektif menurunkan kasus Zika dan Chikungunya di Kolombia, Amerika Selatan. Sementara di Indonesia, nyamuk ber-Wolbachia terbukti efektif mengurangi 77 persen kasus demam berdarah Dengue (DBD) dan 86 persen tingkat rawat inap karena Dengue berdasarkan hasil riset yang dilakukan di Kota Yogyakarta. Riris menambahkan efek gatal yang dihasilkan nyamuk ber-Wolbachia masih sama seperti nyamuk lainnya. Namun, ketika nyamuk Aedes aegypti mengandung bakteri Wolbachia, gigitan tersebut tak lagi menularkan virus dengue yang menyebabkan demam berdarah.",ASLI
585,Video Banjir Mengerikan di Chili,"Beredar di media sosial Twitter sebuah unggahan video banjir bandang yang diklaim terjadi di Kota Santiago, Chili, disertai unggahan narasi “Banjir yang mengerikan akibat hujan lebat di Santiago, Chile”.",PALSU
459,"Demo Buruh Belum Bubar Sore Ini, Massa Blokade Jalan di Cikarang","Massa buruh demo di kawasan industri Cikarang, Kabupaten Bekasi, sejak pagi tadi. Sudah 11 jam berlalu, demo buruh masih berlangsung sore ini. ""Belum selesai. Demo dari jam 6 pagi, iya (sudah berlangsung selama 11 jam lamanya),"" kata Kanit Reskrim Polsek Cikarang Barat AKP Muhammad Said Hasan saat dihubungi, Kamis (23/11/2023). Hingga kini massa yang melakukan aksi unjuk rasa masih memblokade jalan. Imbasnya, lalu lintas pun mengalami kemacetan. ""Massa masih memblokir jalan. Kondisi macet total. Hampir seluruh wilayah kawasan industri MM 2100 dan Jababeka,"" ujarnya. Massa aksi masih menunggu negosiasi bersama pemda terkait kenaikan upah. Dia mengimbau pendemo agar melaksanakan unjuk rasa dengan tertib dan tetap menghormati hak-hak pengguna jalan lainnya. ""Mereka mau bubar setelah ada kesepakatan dengan pemda terkait kenaikan upah. Ini kita di lapangan masih nunggu info kesepakatan di pemda,"" imbuhnya. Sebelumnya, Kapolres Metro Bekasi Kombes Twedi Aditya Bennyahdi mengatakan massa demo pada Kamis (23/11/2023) pagi ini tersebar di beberapa titik.""Demo di titik kumpul masing-masing. Ada yang di MM 2100, ada yang di depan Gobel, EJIP,"" kata Twedi dihubungi detikcom, Kamis (23/11). Total peserta aksi dari keseluruhan demo yang berlangsung di kawasan Cikarang mencapai 1.500 orang. Demo berlangsung berbarengan dengan rapat pleno Disnaker di Pemkab Bekasi terkait penetapan upah minimum kabupaten (UMK). ""Iya, hari ini kan Disnaker Pemda ada rapat pleno, rekan-rekan buruh sementara melakukan orasi,"" imbuhnya. Massa buruh demo menuntut kenaikan UMK Kabupaten Bekasi. Massa saat ini berorasi di beberapa titik demo. Twedi mengakui demo tersebut berimbas terhadap situasi arus lalu lintas di sekitar lokasi. Kemacetan terjadi karena adanya kumpulan massa. ""Tidak ada pemblokiran, cuma kan namanya massa berkumpul ya, tetapi sudah kita atur supaya tidak mengganggu pengguna masyarakat lainnya,"" katanya.",ASLI
387,Kapal Blue Lagoon Tenggelam di Padangbai Bali,"Beredar pada platform TikTok unggahan video sebuah kapal wisata tenggelam di tengah laut yang diklaim sebagai Kapal Blue Lagoon Island di Padangbai, Bali. Faktanya, Kepala Bidang Hubungan Masyarakat (Kabid Humas) Polda Bali Kombes Jansen Avitus Panjaitan memastikan kecelakaan laut tersebut tidak terjadi di perairan Pulau Dewata. Setelah dilakukan penelusuran lebih lanjut, ditemukan informasi bahwa kecelakaan Kapal Blue Lagoon Island terjadi di Kepulauan Bahamas atau negara Persemakmuran Bahama.",PALSU
494,NASA Tangkap Laser dari Pesawat Antariksa Berjarak 16 Juta Km,"Badan antariksa AS NASA menangkap sinyal laser yang ditembakkan dari instrumen yang diluncurkan dengan pesawat ruang angkasa Psyche, yang saat ini berada pada jarak 16 juta kilometer dari Bumi. Pesawat antariksa ini sendiri sedang dalam misi menuju asteroid logam misterius. Momen yang terjadi pada 14 November tersebut menandai keberhasilan pengujian pertama sistem Komunikasi Optik Antariksa Dalam (DSOC) milik NASA. Ini merupakan alat komunikasi generasi berikutnya yang mengirimkan informasi antarplanet bukan lagi melalui gelombang radio, melainkan sinar laser. Hal ini merupakan bagian dari serangkaian tes yang dilakukan NASA untuk mempercepat komunikasi di luar angkasa, dalam berbagai misi. ""Meraih cahaya pertama adalah pencapaian yang luar biasa. Sistem di darat berhasil mendeteksi foton laser luar angkasa dari DSOC,"" kata Abi Biswas, ahli teknologi proyek sistem di Jet Propulsion Laboratory (JPL) NASA, California, dalam sebuah pernyataan dikutip dari Space. ""Dan kami juga dapat mengirimkan beberapa data yang berarti kami dapat bertukar 'sedikit cahaya' dari dan ke luar angkasa,"" tambah Biswas. Misi lain telah mencoba komunikasi laser di orbit Bumi atau dalam perjalanan ke Bulan dan sebaliknya. Namun, DSOC menjadikan komunikasi laser sebagai pengujian tersulit dan terjauh yang pernah ada. Jika hal ini berhasil, para pejabat NASA berharap bahwa para astronaut pada dekade-dekade mendatang, dengan misi ke Bulan atau Mars, dapat menggunakan sinar laser sebagai sarana untuk melakukan kendali di darat.",ASLI
238,"Pesan Berantai WhatsApp Korban Pembegalan di Pantai Ngudel, Kabupaten Malang","Beredar sebuah pesan berantai WhatsApp yang menampilkan informasi adanya tindak kejahatan pembegalan beserta foto yang diklaim korban pembegalan di wilayah Pantai Ngudel, Kecamatan Gedangan, Kabupaten Malang.",PALSU
575,Kapal Perang AS Tembak Jatuh Drone-drone Houthi Yaman di Laut Merah,"Kapal perang Amerika Serikat USS Thomas Hudner menembak jatuh drone-drone milisi Houthi Yaman di Laut Merah. Pihak Angkatan Laut AS melalui akun medsos X menyebutkan drone-drone tersebut diluncurkan dari wilayah Yaman yang dikuasai Houthi. Tak ada kerusakan atau luka yang dialami kru kapal perang. Situs AL AS melaporkan ini merupakan upaya kedua dari USS Thomas Hudner menjatuhkan drone-drone Houthi yang berkeliaran di Laut Merah. Kapal perang AS tersebut sebelumnya menembak jatuh drone-drone Houthi saat melakukan patroli di Laut Merah pada 15 November. Hudner merupakan bagian dari gugus tugas yang mengawal kapal induk AS USS Gerald R Ford di Timur Tengah, namun bisa beroperasi secara terpisah. Hudner merupakan kekuatan militer AS yang dikerahkan di Mediterania Timur dalam merespons serangan Hamas. Posisi kapal perang AS itu kini berada di Laut Merah. Menteri Pertahanan AS Lloyd Austin tengah memerintahkan penambahan kedua dari kekuatan tempur di gugus tugas kapal induk Ford. Sementara itu, Houthi terus melakukan serangan-serangan sporadis termasuk mengincar aset-aset yang diklaim milik Israel di Laut Merah dan sekitarnya. ",ASLI
783,Surat Pengesahan Transfer Dana ke Luar Negeri Mengatasnamakan Bank Indonesia,"Beredar sebuah surat pengesahan yang mengatasnamakan Bank Indonesia. Surat tersebut berisi dokumen pengesahan pemindahan dana ke luar negeri. Faktanya, surat pengesahan tersebut adalah tidak benar. Melalui akun Instagram resminya @bank_indonesia, Bank Indonesia mengonfirmasi bahwa surat tersebut adalah modus penipuan. Pihaknya menjelaskan bahwa Bank Indonesia tidak bekerja sama dan tidak terafiliasi dengan perbankan atau lembaga apa pun dalam pelaksanaan kegiatan komersial, termasuk transfer dana.",PALSU
159,Rivan Nurmulki Dihukum Satu Tahun Dilarang Main di Luar Negeri,"Atlet voli Indonesia Rivan Nurmulki mengaku mendapat hukuman satu tahun dari PBVSI berupa larangan bermain di liga internasional selama satu tahun. Rivan menyatakan dirinya mendapat hukuman tersebut pada video blog atau vlog yang diunggah di akun pribadinya 'Rivan Nurmulki' pada Kamis (23/11). ""Saya salah, jadi ngomong apa adanya dan ya sudah terima sanksi yang ada. Saya dilarang bermain satu tahun di liga internasional jadi tidak boleh main keluar selama satu tahun,"" ujar Rivan dalam video tersebut. ""Satu tahun sebentar. Untuk saya pribadi bela timnas, siapa yang tidak mau bela timnas. Kita inginnya bela nama Indonesia,"" katanya melanjutkan sembari menegaskan dirinya ingin menyudahi polemik dengan PBVSI. Rivan menyatakan hal tersebut setelah mengikuti sidang yang dilakukan pengurus PBVSI. Sidang tersebut harus diikuti Rivan setelah PBVSI menyebut pemain berposisi all around itu bersalah karena melanggar Anggaran Dasar/Anggaran Rumah Tangga (AD/ART). Dalam mediasi dengan PBVSI dan Kementerian Pemuda dan Olahraga pada September 2023, PBVSI menuding Rivan berbohong dan enggan membela Timnas voli Indonesia. Dalam hal ini, Rivan memang tak berlaga membela Indonesia di beberapa ajang internasional seperti Asian Games, Asian Men's Volleyball Championship, dan AVC Championship yang berlangsung tahun ini. Dalam vlog yang sama Rivan menerima bahwa dirinya bersalah, namun membantah jika dirinya disebut menolak panggilan bermain untuk Timnas Indonesia. Sementara Rivan mengaku menerima jika disebut melanggar aturan tidak boleh bermain di Kapolri Cup. ""Intinya kesalahan di tetap main [di Kapolri Cup] padahal tidak boleh. Kemudian saya tidak ada penolakan main di timnas, saya tidak pernah menolak main di timnas.",ASLI
278,Indonesia Gabung Rusia dan Iran untuk Serang Israel,"Beredar sebuah video di media sosial Facebook yang menyebutkan Indonesia memutuskan bergabung dengan Rusia dan Iran untuk menyerang Israel. Dalam narasi yang beredar, serangan itu terkait dengan konflik Israel dan Palestina di Gaza. Faktanya, dilansir dari kompas.com, klaim soal Indonesia bergabung dengan Rusia dan Iran untuk menyerang Israel adalah keliru. Judul yang dipakai dalam video tidak sesuai dengan video dan narasi yang dibacakan narator. Narator dalam video hanya menyampaikan opini soal negara-negara Arab yang lebih memilih untuk berpihak ke Israel karena memiliki kedekatan dengan Amerika Serikat (AS). Namun, tidak ada penjelasan soal bergabungnya Indonesia dengan negara-negara tersebut untuk menyerang Israel. Rusia dan Iran memang mendukung Palestina, tetapi tidak ada pernyataan resmi dari kedua negara tersebut untuk bergabung dengan Indonesia untuk menyerang Israel.",PALSU
763,270 Petani Program Sawit Terampil Sinar Mas dapat Sertifikasi RSPO,"Sinar Mas Agribusiness and Food mengungkapkan 270 petani binaan program Sawit Terampil mendapat sertifikat Roundtable on Sustainable Palm Oil (RSPO) pada Selasa (21/11). Sertifikasi RSPO merupakan simbol kredibilitas dan bukti praktik berkelanjutan dalam operasi. Sertifikasi itu membantu petani kecil meningkatkan hasil panen, mendapatkan eksposur ke pasar internasional, meningkatkan penghidupan mereka, dan mengurangi risiko konversi lahan. Head of Smallholders Innovation Department Sinar Mas Agribusiness and Food Helena Lumban Gaol mengatakan sebanyak 270 petani itu berasal dari satu organisasi di Aceh. Adapun nama organisasi itu adalah Perkumpulan Sejahtera Pelita Nusantara (PSPN). ""Yang disertifikasi harus organisasi, harus berbadan hukum, tadi baru satu dapat (sertifikasi RSPO), satu organisasi isinya 270 an petani, luas lahan yang dikelola sekitar 550 hektare (ha),"" katanya saat ditemui di Hotel Mulia, Jakarta Selatan. Helena menjelaskan sertifikasi RSPO itu kana berlaku selama lima tahun. Adapun setiap tahun pihak RSPO akan kembali melakukan verifikasi praktik yang petani lakukan. Selain itu, selama mendapat sertifikat organisasi bersangkutan pun bisa menambah anggota. Dengan begitu, luas lahan kelola pun semakin lapang. Helena pun menargetkan dua organisasi binaan Sawit Terampil bisa menyusul mendapat sertifikasi RSPO. ""Mudah-mudahan tahun depan ada dua organisasi baru di bawah Sawit Terampil yang ikut RSPO,"" katanya. Lebih lanjut, Helena menuturkan saat ini sudah ada 6.500 petani yang ikut program Sawit Terampil. Para petani itu tersebar di perkebunan yang ada di Provinsi Aceh dan Sumatera Utara. Ia menjelaskan maaf dari program Sawit Terampil membuat petani lebih memahami soal cara menanam sawit. Dengan begitu, tandan buah segar (TBS) yang dipanen lebih berkualitas. Menurut Helena, tak banyak petani yang benar-benar paham soal cara tanam dan panen TBS yang baik. Karenanya, mereka pun kerap menjual buah yang belum matang.",ASLI
258,Gunung Merapi Lenyapkan 15 Desa Secara Brutal,Beredar unggahan video melalui kanal YouTube yang mengeklaim bahwa Gunung Merapi berhasil melenyapkan 15 desa secara brutal pada April 2023. Video berdurasi 10 menit tersebut diklaim menampilkan carut-marutnya suatu wilayah sebagai dampak letusan Gunung Merapi.,PALSU
995,Terungkap Identitas Kerangka Manusia yang Ditemukan di Dalam Rumah Blitar,"Identitas kerangka manusia yang ditemukan di dalam rumah di Desa Bacem, Ponggok, Kabupaten Blitar, akhirnya terungkap. Seperti yang diduga sebelumnya, kerangka manusia itu diketahui adalah Fitriani (21), warga Konda, Konawe Selatan, Sulawesi Tenggara. Plt Kasi Humas Polres Blitar Kota Iptu Samsul Anwar mengatakan pihaknya bekerjasama dengan Polres Konawe Selatan untuk mengungkap identitas kerangka manusia tersebut. Setelah dilakukan penyelidikan, identitas tersebut dibenarkan oleh keluarganya. ""Kami bekerjasama dengan Polres Konawe untuk memastikan identitas korban, dan benar adalah saudari Fitriani (21) warga Kecamatan Konda,"" terang Samsul saat dikonfirmasi detikJatim, Kamis (23/11/2023). Samsul mengatakan Polres Konawe telah mendatangi alamat rumah Fitriani. Hasilnya, keluarga telah membenarkan bahwa korban alias Fitriani adalah benar anggota keluarganya. ""Melalui Kapolsek Konda Iptu Kartini Suryaningsih telah menghubungi keluarga korban, dan keluarga telah membenarkan bahwa korban adalah benar keluarganya,"" jelasnya. Saat ini, Kata Samsul, penyidik Polres Blitar Kota masih melakukan penyelidikan lebih lanjut setelah mengetahui identitas kerangka manusia tersebut. Termasuk terus berkoordinasi secara intens dengan tim forensik dan tim labfor Polda Jatim. ""Hari ini akan dilakukan gelar perkara, untuk mengetahui peristiwa tindak pidana atau seperti apa berdasarkan hasil penyelidikan yang telah dilakukan,"" tandasnya. Fitriani merupakan istri dari pemilik rumah yang lama yaitu, Suprio Handono. Sementara rumah yang menjadi TKP penemuan kerangka manusia itu telah dijual oleh Handono sekitar dua bulan yang lalu. Sebelumnya, Polisi mengamankan satu orang terkait kasus penemuan kerangka manusia dalam rumah di Desa Bacem, Ponggok, Kabupaten Blitar. Terduga pelaku kini masih diperiksa secara intensif. ""Untuk pelaku masih kami dalami, sudah ada satu orang kami amankan. Tapi masih kami dalami untuk proses lebih lanjut. Nanti berikutnya akan kami sampaikan,"" kata Kapolres Blitar Kota AKBP Danang Setiyo P. S kepada detikJatim di Mapolres Blitar Kota, Rabu (22/11/2023).",ASLI
895,Gempa Tuban Hancurkan Tujuh Wilayah di Indonesia,"Beredar sebuah video di kanal YouTube yang mengeklaim bahwa gempa yang terjadi di Tuban, Jawa Timur pada 14 April 2023 lalu berhasil menghancurkan tujuh wilayah di Indonesia. Tidak hanya itu, thumbnail pada video turut memuat gambaran reruntuhan bangunan yang diyakini sebagai dampak dari gempa berkekuatan 6,9 skala richter (SR) tersebut.",PALSU
386,"Poros Bumi Bergeser, Ilmuwan Ungkap Penyebabnya","Poros Bumi sedang bergerak. Menurut penelitian baru-baru ini, Kutub Utara dan Selatan bergeser hampir 80cm antara tahun 1993 hingga 2010. Salah satu alasannya, menurut para peneliti, mungkin karena irigasi.Pergeseran kutub siklus adalah fenomena yang terkenal. Namun kutub juga bisa bergeser karena mencairnya gletser dan lapisan es, yang memindahkan air dari daratan ke laut. Penelitian terbaru menyebutkan, penipisan air tanah akibat irigasi juga bisa menimbulkan dampak yang sama. Penggunaan air tanah yang berlebihan oleh manusia tidak hanya mengkhawatirkan daerah-daerah yang mungkin akan segera kehabisan bahan-bahan yang menjadi sumber kebutuhan mereka, namun juga berdampak pada seluruh planet. Studi tersebut memberikan gambaran massa benda yang kita miringkan. Seperti benda apa pun yang berputar, rotasi Bumi bergantung pada distribusi massanya. Jika massa berpindah ke pusat, maka perputaran benda akan bertambah cepat. Ketika massa bergerak ke pinggiran, gerakan benda akan melambat untuk mempertahankan momentum sudut. Demikian pula, jika massa dipindahkan ke satu sisi saja, kemiringannya akan berubah sebagai kompensasi. Dikutip dari IFL Science, perubahan semacam ini memang tidak terlihat. Namun tidak demikian halnya dengan pergerakan triliunan ton air. Pada tahun 2021, para ilmuwan mengaitkan perubahan kemiringan Bumi dengan mencairnya lapisan es di kutub. Bukti yang ada kini menunjukkan bahwa ada faktor yang lebih halus yang juga berperan: ekstraksi air tanah. Kedua studi tersebut mengandalkan data dari Gravity Recovery and Climate Experiment (GRACE), sebuah misi kolaborasi AS dan Jerman yang melacak gravitasi titik-titik di planet ini saat melewatinya. GRACE telah beroperasi sejak tahun 2002, namun data sebelumnya telah digunakan untuk membuat gambaran putaran planet sejak tahun 1980an. ""Sepanjang waktu yang kami pantau, kutub-kutub Bumi telah bergerak relatif terhadap benua-benua di atasnya, namun laju tersebut berubah arah dan meningkat secara dramatis pada pertengahan tahun 1990-an,"" kata salah satu penulis Ki-Weon Seo dari National University. Hal ini, kata para peneliti, disebabkan oleh mencairnya es di kutub dalam jumlah besar dan naiknya permukaan air laut, sehingga menyebabkan redistribusi ke wilayah khatulistiwa. Hal serupa, namun lebih rumit, terjadi ketika air tanah diambil. Meskipun air pada awalnya sebagian besar digunakan untuk pertanian atau industri lokal, setelah muncul ke permukaan sebagian besar air tersebut menguap atau mengalir ke sungai, dan biasanya berakhir di lautan. Perhitungan sebelumnya menunjukkan bahwa pembuangan air tanah ini seharusnya menambah 6 milimeter permukaan laut antara tahun 1993 dan 2010. Namun, jumlah tersebut hanya sekitar 10% dari kenaikan yang diamati selama periode tersebut. Mencairnya es dan pemuaian suhu merupakan faktor yang lebih besar, sehingga sulit untuk menentukan apakah masing-masing kontribusi tersebut benar. Di sinilah GRACE berguna. Tambahan air laut menggeser kutub, namun pergeserannya berbeda-beda tergantung dari mana asalnya. ""Kutub rotasi Bumi sebenarnya banyak berubah. Studi kami menunjukkan bahwa di antara penyebab terkait iklim, redistribusi air tanah sebenarnya memiliki dampak terbesar terhadap pergeseran kutub rotasi,"" kata Ki-Weon Seo. Seo dan rekan penulisnya memodelkan bagaimana kutub akan bergerak relatif terhadap benua hanya berdasarkan pencairan es. Seperti yang diperkirakan, hal ini tidak sesuai dengan pengamatan, sehingga mereka menambahkan berbagai skenario untuk pengambilan air tanah. Ketika mereka menggunakan perkiraan sebelumnya sebesar 2.150 gigaton, model tersebut sangat sesuai dengan kenyataan. Tanpa efek ini, kutub Bumi akan mengarah 78,5cm ke barat dari tempatnya berada, dengan laju pergerakan 4,4cm per tahun, serupa dengan laju pergerakan benua. Kutub tersebut bergerak menuju Islandia, bukan ke pusat Greenland seperti yang terjadi sebaliknya. Ekstraksi air tanah lebih sulit untuk dimodelkan dibandingkan pencairan es, salah satu penyebabnya adalah penyebarannya yang sangat luas.Namun, sebagian besar air yang dipompa selama periode ini berada di dua wilayah yang mengalami kelangkaan besar yakni Amerika Serikat bagian barat dan India Utara yang berada pada garis lintang yang sama. Hal yang mengkhawatirkan dari temuan ini adalah bahwa studi tersebut memvalidasi apa yang selama ini dicurigai mengenai tingkat penggunaan salah satu sumber daya paling vital yang kita miliki. Kontribusi air tanah terhadap tenggelamnya dataran rendah juga merupakan masalah yang lebih mendesak.",ASLI
533,Seorang Pilot Tidak Sengaja Melepas Bahan Kimia dari Pesawat di Bandara,"Beredar unggahan video di media sosial Twitter yang memperlihatkan pesawat Japan Airlines mengeluarkan kepulan asap dari badan pesawat. Video tersebut diklaim sebagai kesalahan pilot yang tidak sengaja melepaskan bahan kimia saat pesawat masih di bandara, yang kemudian dikaitkan dengan teori konspirasi chemtrail.",PALSU
750,Ritual Sedekah Dawet Cara Petani Kediri Harapkan Hujan saat Kemarau,"Puluhan petani di Desa Paron, Kecamatan Ngasem, Kabupaten Kediri menggelar ritual sedekah dawet. Ini dilakukan saat para petani mulai merasakan sulitnya mendapatkan air untuk mengaliri sawah hingga menambah biaya operasional pertanian. Ritual sedekah dawet oleh warga dan petani diyakini bisa mendatangkan hujan di musim kemarau panjang. Prosesi ritual ini merupakan tradisi turun temurun yang telah dilakukan masyarakat untuk meminta hujan. Sebelum prosesi dilakukan, dawet yang telah disiapkan dalam kendi dan wadah dikirab dari rumah salah satu perangkat desa menuju Sumber Air Kembangan sejauh 700 meter. Tiba di Sumber Air Kembangan, prosesi dimulai dari pembacaan doa dilanjut prosesi penuangan dawet ke Sumber Mata Air Kembangan. Saat prosesi penuangan dawet berlangsung, puluhan perwakilan kelompok tani secara spontan melempar dan menyiram dawet ke sesama petani yang dinamakan sawur dawet atau perang dawet. Selanjutnya mereka terlibat aksi saling lempar dawet, hingga pakaian dan celana menjadi basah. Kades Paron, Buyung mengatakan kegiatan tersebut sengaja digelar untuk mewadahi aspirasi para petani di wilayahnya. Sebab, mereka saat ini tengah kekurangan air untuk lahan pertanian menyusul kemarau yang cukup panjang ini. ""Kegiatan ini dilakukan saat terjadi kemarau panjang. Terakhir kegiatan ini dilakukan pada tahun 2019 lalu, juga saat terjadi kemarau panjang, dan sungai banyak yang mengering,"" jelas Buyung. Selasa (7/11/2023). Sementara Toyib, salah satu petani mengatakan sedekah dawet memiliki makna jika warga Desa Paron mendapat limpahan rahmat, rezeki seperti layaknya minuman dawet. Di samping itu, karena saat ini mengalami kemarau panjang, para petani berharap berkah turunnya hujan. ""Para petani berdoa bersama di tempat ini untuk meminta Allah SWT memberikan berkah berupa hujan, untuk mengairi persawahan petani,"" kata Toyib. Toyib menambahkan, dawet ini sebagai sarana sedekah lantaran jenis makanan tradisional yang terasa manis sekaligus bentuknya yang cair. ""Itu mengarah pada simbolisasi fungsi air bagi kehidupan,"" tegasnya.",ASLI
593,Banyak Orang Meninggal Akibat Memakan Ikan yang Terkontaminasi HIV,Beredar sebuah unggahan di Facebook dalam bahasa Filipina yang mengeklaim bahwa banyak orang meninggal sesudah mengonsumsi ikan. Dalam unggahan tersebut juga disebutkan jumlah orang meninggal dari berbagai daerah di Filipina. Dikabarkan bahwa ikan yang dikonsumsi tersebut telah terkontaminasi oleh Human Immunodeficiency Virus (HIV) karena tabung rumah sakit dengan HIV dibuang ke laut. Dalam unggahan juga disebutkan bahwa pesan tersebut diteruskan dari Departemen Kesehatan Filipina,PALSU
214,Ekskavasi Lanjutan Situs Gondang di Trenggalek Temukan 3 Arca Baru,"Balai Pelestarian Kebudayaan (BPK) Wilayah XI Jawa Timur, kembali melanjutkan ekskavasi situs Gondang, Kecamatan Tugu, Trenggalek. Empat hari melakukan penggalian tim arkeologi menemukan tiga arca dan dua hiasan. Ketua Tim ekskavasi Mohammad Ichwan mengatakan tiga arca yang terbuat dari tanah liat tersebut dalam kondisi masih utuh. ""Masih utuh, tapi ada yang terbelah saat ditemukan, tapi berhasil kami sambung. Untuk ukurannya rata-rata antara 33-28 cm,"" kata M Ichwan, Senin (20/11/2023). Menurut Ichwan, dari tiga kali proses ekskavasi di situs Gondang, Tugu, pihaknya berhasil mendapatkan 15 arca. Benda-benda tersebut terkubur di dalam tanah bercampur dengan reruntuhan struktur bangunan candi. Pada ekskavasi ketiga ini pihaknya berharap bisa menemukan sudut barat daya dari bangunan kuno tersebut, karena tiga sudut lain telah berhasil ditemukan. ""Ini adalah bagian bawah candi, nah kalau dilihat dari struktur, denah dan dimensi luasannya adalah persegi, 5,8 x 5,8 meter,"" ujarnya. Ichwan mengaku tim arkeolog juga tengah berusaha mencari struktur bangunan lain. Pihaknya melakukan upaya ekskavasi dengan melakukan penggalian hingga kedalaman 1,5 meter. ""Di sisi barat itu ada struktur batu bata yang rapat, kemudian ada batu putih. Kami sedang gali lagi,"" jelasnya.",ASLI
334,Tujuh Pengendara Motor Tewas karena Balap Liar,"Beredar di media sosial aksi balap liar sekelompok remaja di kawasan Kota Denpasar, Provinsi Bali. Dalam video tersebut menampilkan kecelakaan yang menyebabkan korban jiwa. Kabarnya sebanyak tujuh pemotor dikabarkan tewas dalam aksi balap liar itu. Faktanya, dilansir dari bali.inews.id, Wakasat Lantas Polres Denpasar AKP Yusuf Dwi Admodjo membenarkan terjadinya kejadian itu. Menurut penuturannya, kabar tentang tujuh orang meninggal dunia itu tidak benar. Pihak kepolisian mengkonfirmasi yang meninggal dunia hanya dua orang, tidak sampai tujuh orang dari lansiran detik.com. Adapun kejadian tersebut bukanlah balap liar melainkan hanya pelanggaran lalu lintas biasa. Korban memotong lampu merah dan pelanggaran yang berdampak pada kecelakaan lalu lintas.",PALSU
355,"Ridwan Dalimunthe Minta Namanya Dikeluarkan dari Timnas AMIN, Anies: Gampang","Ahmad Ridwan Dalimunthe meminta namanya dikeluarkan dari timses Anies Baswedan-Muhaimin Iskandar atau Timnas AMIN. Ridwan Dalimunthe menegaskan posisinya netral di Pemilu mendatang. Capres nomor urut 1 Anies Baswedan buka suara terkait permintaan Ridwan. Anies mengaku akan mengatur susunan timnas AMIN terkait adanya tokoh yang keluar masuk. ""Ya nanti kita atur lah, gampang,"" kata Anies usai menghadiri acara Diskusi & Diseminasi Mahasiswa Mendebat Capres-Cawapres di DBL Arena Surabaya, Rabu (22/11/2023) petang. Dilansir dari detiknews, Ahmad Ridwan Dalimunthe meminta namanya dikeluarkan dari timses Anies Baswedan-Muhaimin Iskandar atau Timnas AMIN. Ridwan Dalimunthe menegaskan posisinya netral di Pemilu mendatang. Alasan saat ini dirinya masih menjadi bagian dari grup media besar yang mengharuskan medianya bersikap netral dalam kontestasi pemilu, baik pileg maupun pilpres. ""Saya merasa terhormat dan mengucapkan terima kasih atas pencantuman nama saya. Namun karena saya dalam posisi yang harus netral dalam kontestasi Pemilu 2024, saya menyatakan tidak bersedia,"" katanya di Jakarta, Rabu (22/11/2023). Dalam kesempatan itu Ridwan juga meminta agar namanya dikeluarkan dari daftar Dewan Pakar di Timnas AMIN. Untuk diketahui, dewan pakar ini dipimpin eks ketua MK Hamdan Zoelva. Lebih lanjut, Ridwan menyatakan dirinya dan grup media tempatnya bernaung akan terus mendukung pemilu yang bersih, jujur, aman, dan damai.",ASLI
802,Rilis Daftar 121 Produk yang Diharamkan MUI karena Terafiliasi Israel,"Beredar sebuah unggahan di media sosial Facebook berisi daftar sejumlah produk yang difatwakan haram oleh Majelis Ulama Indonesia (MUI) karena terafiliasi dengan Israel. Daftar tersebut diklaim dirilis resmi oleh MUI. Faktanya, dilansir dari news.detik.com, MUI secara tegas menyatakan bahwa pihaknya tidak pernah merilis daftar produk Israel dan afiliasinya yang harus diboikot sebagaimana yang beredar. Sekretaris Komisi Fatwa MUI Miftahul Huda menjelaskan MUI tidak berkompeten untuk merilis produk Israel atau yang terafiliasi ke Israel. Lebih lanjut, MUI telah memberi klarifikasi bahwa yang diharamkan bukanlah produknya, melainkan aktivitas dukungan terhadap Israel. Miftahul Huda juga menambahkan, sejauh ini MUI sama sekali belum mengetahui apakah produk-produk yang beredar di internet itu memang benar-benar produk Israel dan afiliasinya atau tidak.",PALSU
395,"Longsor hingga Angin Kencang Terjang Bogor, 4 Rumah Warga Rusak","Bencana angin kencang hingga tanah longsor melanda sejumlah wilayah di Kabupaten Bogor, Jawa Barat, pada minggu ini. Sejumlah rumah warga rusak akibat kejadian tersebut. Kabid Kedaruratan dan Logistik BPBD Kabupaten Bogor Muhammad Adam Hamdani mengatakan, berdasarkan asesmen sementara, kejadian tersebut melanda Kecamatan Tamansari dan Cijeruk. ""Dikarenakan hujan dengan intensitas tinggi dan disertai angin kencang mengakibatkan rumah warga mengalami kerusakan,"" ujar Adam, dalam keterangannya, Kamis (23/11/2023). Satu rumah warga rusak diterjang angin kencang tersebut. Rumah itu baru diperbaiki secara sederhana. Dikhawatirkan rumah kembali rusak apabila angin kencang melanda. ""Kuda-kuda belakang rumah yang hampir ambruk saat ini ditopang menggunakan bambu,"" tuturnya. Selain itu, angin kencang melanda Desa Cibalung, Kecamatan Cijeruk. Angin kencang juga disertai tanah longsor. Tiga rumah warga dilaporkan rusak.""Dikarenakan hujan dengan intensitas tinggi dan disertai angin kencang, menyebabkan 1 unit rumah terdampak serta terjadinya tanah longsor mengakibatkan 2 unit rumah terdampak,"" ungkapnya. Satu rumah warga mengalami rusak ringan, sedangkan dua rumah lainnya rusak sedang. Beruntung, tidak ada korban jiwa dalam kejadian tersebut. ""Untuk saat ini 2 rumah yang terdampak hanya ditutupi menggunakan terpal seadanya. Dibutuhkan penanganan lebih lanjut dari dinas terkait,"" pungkasnya.",ASLI
973,Penyebaran Nyamuk Wolbachia untuk Membentuk Genetik LGBT di Masyarakat,"Beredar sebuah informasi yang mengeklaim bahwa terdapat penyebaran nyamuk Wolbachia untuk membentuk genetik lesbian, gay, biseksual, dan transgender (LBGT) di masyarakat.Faktanya, klaim yang menyatakan bahwa penyebaran nyamuk Wolbachia untuk membentuk genetik LGBT di masyarakat adalah tidak benar. Dilansir dariliputan6.com, Kepala Biro Komunikasi dan Pelayanan Publik Kementerian Kesehatan (Kemenkes) RI Siti Nadia Tarmizi menyebutkan bahwa klaim yang beredar tersebut tidak benar. Di sisi lain Wolbachia sendiri adalah bakteri yang dapat tumbuh alami di serangga terutama nyamuk, kecuali nyamuk Aedes aegypti. Bakteri Wolbachia dapat melumpuhkan virus dengue, sehingga apabila ada nyamuk Aedes aegypti menghisap darah yang mengandung virus dengue akan resisten sehingga tidak akan menyebar ke dalam tubuh manusia. Hingga saat ini tidak ditemukan klaim valid yang menyatakan bahwa penyebaran nyamuk Wolbachia untuk membentuk genetik LGBT di masyarakat.",PALSU
811,Viral Wanita di Bogor Diteror Order Fiktif gegara Tak Respons Kenalan,"Sebuah unggahan seorang wanita di Pabuaran, Kecamatan Cibinong, Kabupaten Bogor, Jawa Barat, diteror viral di media sosial. Wanita tersebut diteror order fiktif makanan via ojek online (ojol). Dalam unggahan viral di media sosial disebutkan bahwa wanita tersebut diteror oleh pria yang dikenal lewat media sosial. Wanita tersebut disebut tidak merespons kenalannya itu. Dinarasikan sudah ada 18 pesanan makanan yang datang ke rumahnya hingga Rabu (22/11) malam. Wanita tersebut mengaku membayar pesanan makanan tersebut hingga Rp 1 juta. Dalam video yang tersebar, tampak sejumlah ojol mengantarkan pesanan makanan ke rumahnya. Wanita itu menjelaskan tidak memesan makanan, melainkan dikerjai oleh kenalannya. Namun orderan makanan dari ojol masih terus berdatangan. Ia pun tak sanggup lagi membayar pesanan tersebut. Dimintai konfirmasi, Kapolsek Cibinong AKP Waluyo mengaku belum menerima laporan terkait kejadian tersebut. Dia mengimbau agar korban membuat laporan. ""Belum ada yang laporan. Iya diarahkan (melapor). Nanti biar saya suruh Serse cek lokasi,"" kata Waluyo saat dihubungi wartawan, Kamis (23/11/2023). Waluyo mengatakan, meski demikian, pihaknya akan menyelidiki kejadian tersebut. Pihaknya akan melakukan pengecekan. ""Iya, kita coba bantu,"" pungkasnya.",ASLI
556,Akun WhatsApp Mengatasnamakan Anggota Dewan Perwakilan Rakyat Daerah (DPRD) Kota Bandung,"Beredar sebuah akun WhatsApp mengatasnamakan Anggota Dewan Perwakilan Rakyat Daerah (DPRD) Kota Bandung, Hj. Siti Nurjanah, S.S. Akun tersebut beredar dengan nomor 087866370559 serta menghubungi masyarakat umum. Faktanya, akun WhatsApp yang mengatasnamakan Anggota DPRD Kota Bandung, Hj. Siti Nurjanah, S.S. adalah tidak benar. Pesan berantai tersebut telah dibantah melalui akun Instagram resmi @bdg.saberhoaks. Dalam unggahannya, Dinas Komunikasi dan Informatika (Diskominfo) Kota Bandung menyatakan bahwa akun WhatsApp tersebut bukan milik Hj. Siti Nurjanah, S.S. Pihaknya mengimbau kepada setiap masyarakat untuk berhati-hati terhadap berbagai upaya penipuan yang mengatasnamakan Anggota DPRD Kota Bandung.",PALSU
602,"Lansia di Bogor Tewas Bersimbah Darah, Diduga Korban Kekerasan","Seorang lansia berinisial I (81) ditemukan meninggal dunia di wilayah Cihideung Udik, Kecamatan Ciampea, Kabupaten Bogor, Jawa Barat. Jasadnya ditemukan di kebun. Kapolsek Ciampea Kompol Suminto mengatakan jasad korban ditemukan pada Rabu (22/11/2023), sekitar pukul 17.45 WIB. Kejadian ini diketahui saat keluarga curiga korban tak kunjung pulang hingga sore. ""Sekira jam 17.30 WIB, korban belum pulang dari kebun. Kemudian, saksi selaku anaknya mencari keberadaannya ke saung,"" kata Suminto dalam keterangannya, Kamis (23/11). Saat dilakukan pencarian tersebut, korban tidak ditemukan. Kemudian, keluarga mencari ke area kebun di sekitar hingga akhirnya korban ditemukan.""Korban ditemukan dalam keadaan meninggal dunia dengan posisi telentang dan bersimbah darah,"" jelasnya. Selanjutnya, korban dibawa ke rumahnya oleh pihak keluarga. Suminto mengatakan korban diduga meninggal akibat kekerasan menggunakan benda tajam. ""Ditemukan meninggal dunia diduga akibat kekerasan benda tajam,"" ungkapnya. Polisi kemudian melakukan pengecekan ke lokasi. Dari hasil pengecekan tersebut, korban mengalami sejumlah luka, salah satunya di leher. ""Hasil pengecekan, korban mengalami luka di bagian leher, diduga akibat kekerasan benda tajam. Mengalami luka di jempol tangan kanan, diduga akibat benda tajam,"" sebutnya. Sementara itu, jenazah korban sudah menjalani visum di Rumah Sakit Polri Kramat Jati dan saat ini jenazah sudah dikembalikan kepada keluarga.",ASLI